timestamp,step,client_id,title,nip,field,old_value,new_value,source,status
20260521-161439,step1,0da7df94-22ae-40dc-8725-6395181296c7,Domek Sushi Przemysław Kowalski,1231562224,address,(empty),"ŻEGLIŃSKIEGO 21, 05-500 PIASECZNO",vat_data.residenceAddress,planned_dry
20260521-161439,step1,a77a8983-f567-42a1-8744-d36cd8b519bc,CONTINENTAL GROUP PL SPÓŁKA Z OGRANICZONĄ ODPOWIED,7773358078,address,(empty),"JANA HENRYKA DĄBROWSKIEGO 29/U4C, 60-840 POZNAŃ",vat_data.workingAddress,planned_dry
20260521-161439,step1,a77a8983-f567-42a1-8744-d36cd8b519bc,CONTINENTAL GROUP PL SPÓŁKA Z OGRANICZONĄ ODPOWIED,7773358078,city,(empty),POZNAŃ,vat_data.workingAddress,planned_dry
20260521-161439,step1,287043b1-4a2a-49f9-842a-a965a474fcf4,Imperial ,6711742992,city,(empty),KOŁOBRZEG,vat_data.workingAddress,planned_dry
20260521-161439,step1,3c348bc9-0c12-486b-9a9b-9d9db4097d51,"BEKANIX SZEWCZYK BEATA, KANIK DOMINIK SPÓŁKA CYWIL",8982242191,address,(empty),"NOWOWIEJSKA 25/1A, 50-314 WROCŁAW",vat_data.workingAddress,planned_dry
20260521-161439,step1,3c348bc9-0c12-486b-9a9b-9d9db4097d51,"BEKANIX SZEWCZYK BEATA, KANIK DOMINIK SPÓŁKA CYWIL",8982242191,city,(empty),WROCŁAW,vat_data.workingAddress,planned_dry
20260521-161439,step1,8c549ece-5bd0-42bb-9b0b-880dc0dc6a73,CONTINENTAL GROUP PL SPÓŁKA Z OGRANICZONĄ ODPOWIED,7773358078,address,(empty),"JANA HENRYKA DĄBROWSKIEGO 29/U4C, 60-840 POZNAŃ",vat_data.workingAddress,planned_dry
20260521-161439,step1,8c549ece-5bd0-42bb-9b0b-880dc0dc6a73,CONTINENTAL GROUP PL SPÓŁKA Z OGRANICZONĄ ODPOWIED,7773358078,city,(empty),POZNAŃ,vat_data.workingAddress,planned_dry
20260521-161439,step1,b8697d1e-5ab7-4125-8f91-22e8df30e06a,MIRADO GROUP SPÓŁKA Z OGRANICZONĄ ODPOWIEDZIALNOŚC,5214089218,address,(empty),"KIELECKA 41A/8, 02-530 WARSZAWA",vat_data.workingAddress,planned_dry
20260521-161439,step1,fa1cc034-a748-4dc4-aa51-2502cdc82e1a,"""AGRO-MATIMPEX"" - SPÓŁKA Z OGRANICZONĄ ODPOWIEDZIA",6941533766,address,(empty),"SOKOŁOWIEC 124, 59-540 SOKOŁOWIEC",vat_data.workingAddress,planned_dry
20260521-161439,step1,fa1cc034-a748-4dc4-aa51-2502cdc82e1a,"""AGRO-MATIMPEX"" - SPÓŁKA Z OGRANICZONĄ ODPOWIEDZIA",6941533766,city,(empty),SOKOŁOWIEC,vat_data.workingAddress,planned_dry
20260521-161439,step1,60d9266f-b2f1-464a-b310-c49f9bd6a5c7,GRUPA PRODUCENTÓW WARZYW AGRO GROUP SPÓŁKA Z OGRAN,8381734558,address,(empty),"MRÓWCZA 50, 04-857 WARSZAWA",vat_data.workingAddress,planned_dry
20260521-161439,step1,60d9266f-b2f1-464a-b310-c49f9bd6a5c7,GRUPA PRODUCENTÓW WARZYW AGRO GROUP SPÓŁKA Z OGRAN,8381734558,city,(empty),WARSZAWA,vat_data.workingAddress,planned_dry
20260521-161439,step1,9769047d-fbd1-4356-a745-75e55de046a6,KRAJ Market,6192063205,city,(empty),KĘPNO,vat_data.workingAddress,planned_dry
20260521-161439,step1,5bbd3b1a-403c-4afc-8644-b356e0a99fcc,MOLFAR,5242630322,city,(empty),WARSZAWA,vat_data.residenceAddress,planned_dry
20260521-161439,step1,7a5e4538-c70c-454d-a41c-2206dc0b844e,PAVLO DOROSHENKO (Smakołyki Wschodnie),5993280236,city,(empty),MIĘDZYRZECZ,vat_data.residenceAddress,planned_dry
20260521-161439,step1,4bb7280c-a3cb-49e9-92bf-23d45bc8522b,CD PROJEKT S.A.,7342867148,address,(empty),"JAGIELLOŃSKA 74, 03-301 WARSZAWA",vat_data.workingAddress,planned_dry
20260521-161439,step1,4bb7280c-a3cb-49e9-92bf-23d45bc8522b,CD PROJEKT S.A.,7342867148,city,(empty),WARSZAWA,vat_data.workingAddress,planned_dry
20260521-161439,step1,8ccbde2b-7640-45a6-b886-b128fdb12762,Olha Hrushak Sklep Spożywczy GRUSZKA,6692568285,address,(empty),"BAŁTYCKA 36A, 75-330 KOSZALIN",vat_data.residenceAddress,planned_dry
20260521-161439,step1,8ccbde2b-7640-45a6-b886-b128fdb12762,Olha Hrushak Sklep Spożywczy GRUSZKA,6692568285,city,(empty),KOSZALIN,vat_data.residenceAddress,planned_dry
20260521-161439,step1,b55daebf-df87-467c-a6e5-ef4805b41f64,Oleg Anikin,5732874439,city,(empty),SŁUBICE,vat_data.residenceAddress,planned_dry
20260521-161439,step1,760f9021-2161-471d-8c63-27e4dc9341bf,Sklepik Władysław Matuszewski,9521948373,address,(empty),"WŁADYSŁAWA REYMONTA 34/27, 01-842 WARSZAWA",vat_data.residenceAddress,planned_dry
20260521-161439,step1,760f9021-2161-471d-8c63-27e4dc9341bf,Sklepik Władysław Matuszewski,9521948373,city,(empty),WARSZAWA,vat_data.residenceAddress,planned_dry
20260521-161439,step1,db7d5df8-4410-405d-ae83-1971dd073178,DENYS LISNIAK,7882043296,address,(empty),"ADAMA MICKIEWICZA 17, 64-300 NOWY TOMYŚL",vat_data.residenceAddress,planned_dry
20260521-161439,step1,db7d5df8-4410-405d-ae83-1971dd073178,DENYS LISNIAK,7882043296,city,(empty),NOWY TOMYŚL,vat_data.residenceAddress,planned_dry
20260521-161439,step1,aa6ba106-87cc-48c7-ba22-135e02f35141,CONTINENTAL GROUP PL SPÓŁKA Z OGRANICZONĄ ODPOWIED,7773358078,address,(empty),"JANA HENRYKA DĄBROWSKIEGO 29/U4C, 60-840 POZNAŃ",vat_data.workingAddress,planned_dry
20260521-161439,step1,aa6ba106-87cc-48c7-ba22-135e02f35141,CONTINENTAL GROUP PL SPÓŁKA Z OGRANICZONĄ ODPOWIED,7773358078,city,(empty),POZNAŃ,vat_data.workingAddress,planned_dry
20260521-161439,step1,762afb64-b5b0-4722-a802-14e928d48b9e,CONTINENTAL GROUP PL SPÓŁKA Z OGRANICZONĄ ODPOWIED,7773358078,address,(empty),"JANA HENRYKA DĄBROWSKIEGO 29/U4C, 60-840 POZNAŃ",vat_data.workingAddress,planned_dry
20260521-161439,step1,762afb64-b5b0-4722-a802-14e928d48b9e,CONTINENTAL GROUP PL SPÓŁKA Z OGRANICZONĄ ODPOWIED,7773358078,city,(empty),POZNAŃ,vat_data.workingAddress,planned_dry
20260521-161439,step1,0085da3c-0632-4d0f-9d05-a0fcf8572e1c,JEŻ JEdzenie Zdrowe Oksana Petryshcheva,5361954901,address,(empty),"POZNAŃSKA 98, 05-850 BRONISZE",vat_data.residenceAddress,planned_dry
20260521-161439,step1,0085da3c-0632-4d0f-9d05-a0fcf8572e1c,JEŻ JEdzenie Zdrowe Oksana Petryshcheva,5361954901,city,(empty),BRONISZE,vat_data.residenceAddress,planned_dry
20260521-161439,step1,ad1153ab-bb40-4f01-b29b-4c7746c73250,NAVARA-GO RADOSŁAW GOŁUBOWSKI,5422453057,address,(empty),"JERZEGO WASZYNGTONA 14/25, 15-269 BIAŁYSTOK",vat_data.residenceAddress,planned_dry
20260521-161439,step1,ad1153ab-bb40-4f01-b29b-4c7746c73250,NAVARA-GO RADOSŁAW GOŁUBOWSKI,5422453057,city,(empty),BIAŁYSTOK,vat_data.residenceAddress,planned_dry
20260521-161439,step1,5a5d0b70-ca06-4f1d-b183-db60ab449689,JAŚ-MAR SPÓŁKA Z OGRANICZONĄ ODPOWIEDZIALNOŚCIĄ,9681015058,address,(empty),"BOGDANÓW 1, 62-840 BOGDANÓW",vat_data.workingAddress,planned_dry
20260521-161439,step1,88322a35-134e-43cf-8280-8d01940f0b05,MÓJ SPOŻYWCZY SPÓŁKA Z OGRANICZONĄ ODPOWIEDZIALNOŚ,5311688395,address,(empty),"POZNAŃSKA 98, 05-850 BRONISZE",vat_data.workingAddress,planned_dry
20260521-161439,step1,88322a35-134e-43cf-8280-8d01940f0b05,MÓJ SPOŻYWCZY SPÓŁKA Z OGRANICZONĄ ODPOWIEDZIALNOŚ,5311688395,city,(empty),BRONISZE,vat_data.workingAddress,planned_dry
20260521-161439,step1,126df1ce-02a9-45c5-aafa-f7095bf58ac5,"""ARCTIC"" SPÓŁKA Z OGRANICZONĄ ODPOWIEDZIALNOŚCIĄ",6112171655,address,(empty),"PRZEMYSŁOWA 1A, 96-325 RADZIEJOWICE",vat_data.workingAddress,planned_dry
20260521-161439,step1,126df1ce-02a9-45c5-aafa-f7095bf58ac5,"""ARCTIC"" SPÓŁKA Z OGRANICZONĄ ODPOWIEDZIALNOŚCIĄ",6112171655,city,(empty),RADZIEJOWICE,vat_data.workingAddress,planned_dry
20260521-161439,step1,39250be0-af50-4e54-813a-91d860ba147a,"BEKANIX SZEWCZYK BEATA, KANIK DOMINIK SPÓŁKA CYWIL",8982242191,address,(empty),"NOWOWIEJSKA 25/1A, 50-314 WROCŁAW",vat_data.workingAddress,planned_dry
20260521-161439,step1,39250be0-af50-4e54-813a-91d860ba147a,"BEKANIX SZEWCZYK BEATA, KANIK DOMINIK SPÓŁKA CYWIL",8982242191,city,(empty),WROCŁAW,vat_data.workingAddress,planned_dry
20260521-161439,step1,d464ead8-63a3-4209-a218-9299454625f8,TC GROUP SPÓŁKA Z OGRANICZONĄ ODPOWIEDZIALNOŚCIĄ,5242892513,address,(empty),"AL. ALEJE JEROZOLIMSKIE 85/21, 02-001 WARSZAWA",vat_data.workingAddress,planned_dry
20260521-161439,step1,d464ead8-63a3-4209-a218-9299454625f8,TC GROUP SPÓŁKA Z OGRANICZONĄ ODPOWIEDZIALNOŚCIĄ,5242892513,city,(empty),WARSZAWA,vat_data.workingAddress,planned_dry
20260521-161439,step1,e0c47edb-1358-456d-bedf-8b3ffd02a81f,GRUPA MPT SPÓŁKA Z OGRANICZONĄ ODPOWIEDZIALNOŚCIĄ,7641800258,address,(empty),"PRZERWANA 13/U2, 02-484 WARSZAWA",vat_data.workingAddress,planned_dry
20260521-161439,step1,e0c47edb-1358-456d-bedf-8b3ffd02a81f,GRUPA MPT SPÓŁKA Z OGRANICZONĄ ODPOWIEDZIALNOŚCIĄ,7641800258,city,(empty),WARSZAWA,vat_data.workingAddress,planned_dry
20260521-161439,step1,18b7ac7d-3b37-488d-8242-81aec5779c3b,WESOŁY KORNISZONEK SPÓŁKA Z OGRANICZONĄ ODPOWIEDZI,8992860074,address,(empty),"MIĘDZYLESKA 4, 50-514 WROCŁAW",vat_data.workingAddress,planned_dry
20260521-161439,step1,18b7ac7d-3b37-488d-8242-81aec5779c3b,WESOŁY KORNISZONEK SPÓŁKA Z OGRANICZONĄ ODPOWIEDZI,8992860074,city,(empty),WROCŁAW,vat_data.workingAddress,planned_dry
20260521-161439,step1,9c5a4637-4e83-43d9-ad9b-15f789fb033a,VERDA SPÓŁKA Z OGRANICZONĄ ODPOWIEDZIALNOŚCIĄ,5932594147,address,(empty),"KSIĘDZA PASIERBA 50, 83-130 ROŻENTAL",vat_data.workingAddress,planned_dry
20260521-161439,step1,9c5a4637-4e83-43d9-ad9b-15f789fb033a,VERDA SPÓŁKA Z OGRANICZONĄ ODPOWIEDZIALNOŚCIĄ,5932594147,city,(empty),ROŻENTAL,vat_data.workingAddress,planned_dry
20260521-161439,step1,f9267017-3a48-4e93-ad3d-3e8141a72fe6,JUST-TRANS JUSTYNA GNIADO SPÓŁKA Z OGRANICZONĄ ODP,8222399337,address,(empty),"SZPITALNA 70, 05-300 MIŃSK MAZOWIECKI",vat_data.workingAddress,planned_dry
20260521-161439,step1,f9267017-3a48-4e93-ad3d-3e8141a72fe6,JUST-TRANS JUSTYNA GNIADO SPÓŁKA Z OGRANICZONĄ ODP,8222399337,city,(empty),MIŃSK MAZOWIECKI,vat_data.workingAddress,planned_dry
20260521-161439,step1,989f7dfa-37bc-4ff4-b1df-dfbbedbdc894,Dariusz Wieczorek Fortuna,8381175797,address,(empty),"SKARBKA Z GÓR 15U/U9, 03-287 WARSZAWA",vat_data.residenceAddress,planned_dry
20260521-161439,step1,989f7dfa-37bc-4ff4-b1df-dfbbedbdc894,Dariusz Wieczorek Fortuna,8381175797,city,(empty),WARSZAWA,vat_data.residenceAddress,planned_dry
20260521-161439,step1,f99885a7-b309-4d31-a92a-6d50e6753f03,PREMIUM TRADE SPÓŁKA Z OGRANICZONĄ ODPOWIEDZIALNOŚ,7972070629,address,(empty),"NOWA WIEŚ 70C/26, 05-660 NOWA WIEŚ",vat_data.workingAddress,planned_dry
20260521-161439,step1,f99885a7-b309-4d31-a92a-6d50e6753f03,PREMIUM TRADE SPÓŁKA Z OGRANICZONĄ ODPOWIEDZIALNOŚ,7972070629,city,(empty),NOWA WIEŚ,vat_data.workingAddress,planned_dry
20260521-161439,step1,f860ea25-c743-4f3a-9490-a8c64b667ec0,ANECOOP POLSKA SPÓŁKA Z OGRANICZONĄ ODPOWIEDZIALNO,7781340880,address,(empty),"RABOWICKA 2, 62-020 JASIN",vat_data.workingAddress,planned_dry
20260521-161439,step1,f860ea25-c743-4f3a-9490-a8c64b667ec0,ANECOOP POLSKA SPÓŁKA Z OGRANICZONĄ ODPOWIEDZIALNO,7781340880,city,(empty),JASIN,vat_data.workingAddress,planned_dry
20260521-161439,step1,a5107b8a-2e76-4165-83c7-d0470aca68d0,"HANDEL,GASTRONOMIA,TRANSPORT - MARCIN BOROWY",1250825446,address,(empty),"KARDYNAŁA WYSZYŃSKIEGO 3, 05-252 MAŁOPOLE",vat_data.residenceAddress,planned_dry
20260521-161439,step1,a5107b8a-2e76-4165-83c7-d0470aca68d0,"HANDEL,GASTRONOMIA,TRANSPORT - MARCIN BOROWY",1250825446,city,(empty),MAŁOPOLE,vat_data.residenceAddress,planned_dry
20260521-161439,step1,490f5813-e744-40f4-aceb-30d36294705b,OLEUM DISTRIBUTION SPÓŁKA Z OGRANICZONĄ ODPOWIEDZI,8393260847,address,(empty),"STARKOWO 36, 76-270 STARKOWO",vat_data.workingAddress,planned_dry
20260521-161439,step1,490f5813-e744-40f4-aceb-30d36294705b,OLEUM DISTRIBUTION SPÓŁKA Z OGRANICZONĄ ODPOWIEDZI,8393260847,city,(empty),STARKOWO,vat_data.workingAddress,planned_dry
20260521-161439,step1,ed4a3e98-2e29-4e7f-8b36-b1189d16a5da,BARAGOL  SPÓŁKA Z OGRANICZONĄ ODPOWIEDZIALNOŚCIĄ,5851509002,address,(empty),"MAZOWIECKA 29, 81-862 SOPOT",vat_data.workingAddress,planned_dry
20260521-161439,step1,ed4a3e98-2e29-4e7f-8b36-b1189d16a5da,BARAGOL  SPÓŁKA Z OGRANICZONĄ ODPOWIEDZIALNOŚCIĄ,5851509002,city,(empty),SOPOT,vat_data.workingAddress,planned_dry
20260521-161439,step1,828b271d-e4b4-4231-8e0a-e35157730f57,DEMONIES SPÓŁKA Z OGRANICZONĄ ODPOWIEDZIALNOŚCIĄ,5272861204,address,(empty),"NOWY ŚWIAT 33/13, 00-029 WARSZAWA",vat_data.workingAddress,planned_dry
20260521-161439,step1,828b271d-e4b4-4231-8e0a-e35157730f57,DEMONIES SPÓŁKA Z OGRANICZONĄ ODPOWIEDZIALNOŚCIĄ,5272861204,city,(empty),WARSZAWA,vat_data.workingAddress,planned_dry
20260521-161439,step1,ae1dee8d-d145-4799-a025-44b092795123,CONTINENTAL GROUP PL SPÓŁKA Z OGRANICZONĄ ODPOWIED,7773358078,address,(empty),"JANA HENRYKA DĄBROWSKIEGO 29/U4C, 60-840 POZNAŃ",vat_data.workingAddress,planned_dry
20260521-161439,step1,ae1dee8d-d145-4799-a025-44b092795123,CONTINENTAL GROUP PL SPÓŁKA Z OGRANICZONĄ ODPOWIED,7773358078,city,(empty),POZNAŃ,vat_data.workingAddress,planned_dry
20260521-161439,step1,a7edc6a4-2e53-4843-b4fe-e6b0eede13d1,GARIMI EUROPE SPÓŁKA Z OGRANICZONĄ ODPOWIEDZIALNOŚ,5242907812,address,(empty),"MODLIŃSKA 129/U10, 03-186 WARSZAWA",vat_data.workingAddress,planned_dry
20260521-161439,step1,a7edc6a4-2e53-4843-b4fe-e6b0eede13d1,GARIMI EUROPE SPÓŁKA Z OGRANICZONĄ ODPOWIEDZIALNOŚ,5242907812,city,(empty),WARSZAWA,vat_data.workingAddress,planned_dry
20260521-161439,step1,8e8caa96-75db-4ac7-aafa-026041df6a56,CONTINENTAL GROUP PL SPÓŁKA Z OGRANICZONĄ ODPOWIED,7773358078,address,(empty),"JANA HENRYKA DĄBROWSKIEGO 29/U4C, 60-840 POZNAŃ",vat_data.workingAddress,planned_dry
20260521-161439,step1,8e8caa96-75db-4ac7-aafa-026041df6a56,CONTINENTAL GROUP PL SPÓŁKA Z OGRANICZONĄ ODPOWIED,7773358078,city,(empty),POZNAŃ,vat_data.workingAddress,planned_dry
20260521-161439,step1,bd16af82-802a-4f36-bf0f-b5c6ad4cd2b5,AS ONE SPÓŁKA Z OGRANICZONĄ ODPOWIEDZIALNOŚCIĄ,1182095075,address,(empty),"OKOPOWA 56/1, 01-042 WARSZAWA",vat_data.workingAddress,planned_dry
20260521-161439,step1,bd16af82-802a-4f36-bf0f-b5c6ad4cd2b5,AS ONE SPÓŁKA Z OGRANICZONĄ ODPOWIEDZIALNOŚCIĄ,1182095075,city,(empty),WARSZAWA,vat_data.workingAddress,planned_dry
20260521-161439,step1,494a0467-4899-45b3-8929-a9f77b1b62a6,ROYAL TIME SPÓŁKA Z OGRANICZONĄ ODPOWIEDZIALNOŚCIĄ,7011002325,address,(empty),"ALEJA ARMII LUDOWEJ 6/164, 00-571 WARSZAWA",vat_data.workingAddress,planned_dry
20260521-161439,step1,494a0467-4899-45b3-8929-a9f77b1b62a6,ROYAL TIME SPÓŁKA Z OGRANICZONĄ ODPOWIEDZIALNOŚCIĄ,7011002325,city,(empty),WARSZAWA,vat_data.workingAddress,planned_dry
20260521-161439,step1,59d5140e-ea8d-43ac-a961-3f207acdff36,ANATMAN SPÓŁKA Z OGRANICZONĄ ODPOWIEDZIALNOŚCIĄ,8971958282,address,(empty),"STANISŁAWA LESZCZYŃSKIEGO 4/25, 50-078 WROCŁAW",vat_data.workingAddress,planned_dry
20260521-161439,step1,59d5140e-ea8d-43ac-a961-3f207acdff36,ANATMAN SPÓŁKA Z OGRANICZONĄ ODPOWIEDZIALNOŚCIĄ,8971958282,city,(empty),WROCŁAW,vat_data.workingAddress,planned_dry
20260521-161439,step1,77335122-e964-4582-978b-3737f97eaf55,GALINKA SPÓŁKA Z OGRANICZONĄ ODPOWIEDZIALNOŚCIĄ,5223276227,address,(empty),"KOLEJOWA 49A/U7, 01-210 WARSZAWA",vat_data.workingAddress,planned_dry
20260521-161439,step1,77335122-e964-4582-978b-3737f97eaf55,GALINKA SPÓŁKA Z OGRANICZONĄ ODPOWIEDZIALNOŚCIĄ,5223276227,city,(empty),WARSZAWA,vat_data.workingAddress,planned_dry
20260521-161439,step1,7aaeefc2-d601-4bcf-99d0-65e8d0c5f7aa,CONTINENTAL GROUP PL SPÓŁKA Z OGRANICZONĄ ODPOWIED,7773358078,address,(empty),"JANA HENRYKA DĄBROWSKIEGO 29/U4C, 60-840 POZNAŃ",vat_data.workingAddress,planned_dry
20260521-161439,step1,7aaeefc2-d601-4bcf-99d0-65e8d0c5f7aa,CONTINENTAL GROUP PL SPÓŁKA Z OGRANICZONĄ ODPOWIED,7773358078,city,(empty),POZNAŃ,vat_data.workingAddress,planned_dry
20260521-161439,step1,c65a3331-df35-4849-b854-7ba104fec599,OSIEDLE UKRAIŃSKIE,6511743751,address,(empty),"MONIUSZKI 16, 44-240 ŻORY",vat_data.workingAddress,planned_dry
20260521-161439,step1,c65a3331-df35-4849-b854-7ba104fec599,OSIEDLE UKRAIŃSKIE,6511743751,city,(empty),ŻORY,vat_data.workingAddress,planned_dry
20260521-161439,step1,99375be4-a97b-4571-8319-98630dd7270f,Wix markt,5213984715,city,(empty),WARSZAWA,vat_data.workingAddress,planned_dry
20260521-161439,step1,05f3b762-f345-476a-aad7-7e9855529d1d,EPIC FOODS SPÓŁKA Z OGRANICZONĄ ODPOWIEDZIALNOŚCIĄ,5223281240,address,(empty),"PIRENEJSKA 2C, 01-493 WARSZAWA",vat_data.workingAddress,planned_dry
20260521-161439,step1,05f3b762-f345-476a-aad7-7e9855529d1d,EPIC FOODS SPÓŁKA Z OGRANICZONĄ ODPOWIEDZIALNOŚCIĄ,5223281240,city,(empty),WARSZAWA,vat_data.workingAddress,planned_dry
20260521-161439,step1,b86e64f4-ffd8-4030-84d4-d0ad975fe459,LOKALNE ZDRÓWKO NATALIA STRÓŻYŃSKA (Podolanoczka),6121766767,city,(empty),GROMADKA,vat_data.residenceAddress,planned_dry
20260521-161439,step1,a8239679-f023-44ae-8033-c16b8116b45d,Хуторок,6751811593,city,(empty),KRAKÓW,vat_data.workingAddress,planned_dry
20260521-161439,step1,3513077d-0b6a-4342-9d84-ecd592914265,"""COSHTELLA"" SPÓŁKA Z OGRANICZONĄ ODPOWIEDZIALNOŚCI",7972014393,address,(empty),"PODGÓRZYCE 61, 05-660 PODGÓRZYCE",vat_data.workingAddress,planned_dry
20260521-161439,step1,3513077d-0b6a-4342-9d84-ecd592914265,"""COSHTELLA"" SPÓŁKA Z OGRANICZONĄ ODPOWIEDZIALNOŚCI",7972014393,city,(empty),PODGÓRZYCE,vat_data.workingAddress,planned_dry
20260521-161439,step1,ac8c1b34-d7fc-4c2c-91bb-e717651bcf59,Intermarche,7812001594,city,(empty),POZNAŃ,vat_data.workingAddress,planned_dry
20260521-161439,step1,12c4b747-cb72-4b99-8a39-90d069752cd8,"BEKANIX SZEWCZYK BEATA, KANIK DOMINIK SPÓŁKA CYWIL",8982242191,address,(empty),"NOWOWIEJSKA 25/1A, 50-314 WROCŁAW",vat_data.workingAddress,planned_dry
20260521-161439,step1,12c4b747-cb72-4b99-8a39-90d069752cd8,"BEKANIX SZEWCZYK BEATA, KANIK DOMINIK SPÓŁKA CYWIL",8982242191,city,(empty),WROCŁAW,vat_data.workingAddress,planned_dry
20260521-161439,step1,2105c61a-943e-47bc-86eb-5706a7014a48,"""PHU WYSOKIŃSKI"" SPÓŁKA Z OGRANICZONĄ ODPOWIEDZIAL",5213157395,address,(empty),"ADAMA BRANICKIEGO 9/90, 02-972 WARSZAWA",vat_data.workingAddress,planned_dry
20260521-161439,step1,2105c61a-943e-47bc-86eb-5706a7014a48,"""PHU WYSOKIŃSKI"" SPÓŁKA Z OGRANICZONĄ ODPOWIEDZIAL",5213157395,city,(empty),WARSZAWA,vat_data.workingAddress,planned_dry
20260521-161439,step1,dad8e1f8-ab8f-4d0b-9de3-a2ea288a5902,EVANA SPÓŁKA Z OGRANICZONĄ ODPOWIEDZIALNOŚCIĄ,9581710971,address,(empty),"MORSKA 171, 81-222 GDYNIA",vat_data.workingAddress,planned_dry
20260521-161439,step1,dad8e1f8-ab8f-4d0b-9de3-a2ea288a5902,EVANA SPÓŁKA Z OGRANICZONĄ ODPOWIEDZIALNOŚCIĄ,9581710971,city,(empty),GDYNIA,vat_data.workingAddress,planned_dry
20260521-161439,step1,3e480fcf-9ba0-46f3-ad79-c26d08d494d1,Wschód Market ,9532776875,address,(empty),"TADEUSZA REJTANA 10/21, 85-032 BYDGOSZCZ",vat_data.workingAddress,planned_dry
20260521-161439,step1,3e480fcf-9ba0-46f3-ad79-c26d08d494d1,Wschód Market ,9532776875,city,(empty),BYDGOSZCZ,vat_data.workingAddress,planned_dry
20260521-161439,step1,07932a61-b137-466a-b797-53155b5fc657,CONTINENTAL GROUP PL SPÓŁKA Z OGRANICZONĄ ODPOWIED,7773358078,address,(empty),"JANA HENRYKA DĄBROWSKIEGO 29/U4C, 60-840 POZNAŃ",vat_data.workingAddress,planned_dry
20260521-161439,step1,07932a61-b137-466a-b797-53155b5fc657,CONTINENTAL GROUP PL SPÓŁKA Z OGRANICZONĄ ODPOWIED,7773358078,city,(empty),POZNAŃ,vat_data.workingAddress,planned_dry
20260521-161439,step1,933b18cc-0a44-4fdd-be3a-4a31322ed469,CONTINENTAL GROUP PL SPÓŁKA Z OGRANICZONĄ ODPOWIED,7773358078,address,(empty),"JANA HENRYKA DĄBROWSKIEGO 29/U4C, 60-840 POZNAŃ",vat_data.workingAddress,planned_dry
20260521-161439,step1,933b18cc-0a44-4fdd-be3a-4a31322ed469,CONTINENTAL GROUP PL SPÓŁKA Z OGRANICZONĄ ODPOWIED,7773358078,city,(empty),POZNAŃ,vat_data.workingAddress,planned_dry
20260521-161439,step1,f065ac22-8ae3-4871-8114-fbc7f584d4c8,CONTINENTAL GROUP PL SPÓŁKA Z OGRANICZONĄ ODPOWIED,7773358078,address,(empty),"JANA HENRYKA DĄBROWSKIEGO 29/U4C, 60-840 POZNAŃ",vat_data.workingAddress,planned_dry
20260521-161439,step1,f065ac22-8ae3-4871-8114-fbc7f584d4c8,CONTINENTAL GROUP PL SPÓŁKA Z OGRANICZONĄ ODPOWIED,7773358078,city,(empty),POZNAŃ,vat_data.workingAddress,planned_dry
20260521-161439,step1,abe7659b-39ec-4d9a-96f3-a74471793b9a,PPH Lubmax Sp. z o.o.,7120155996,city,(empty),TOMASZOWICE-KOLONIA,vat_data.workingAddress,planned_dry
20260521-161439,step1,ed4e12e5-e432-48f2-ba74-af930171a884,KOZAK OLEK SPÓŁKA Z OGRANICZONĄ ODPOWIEDZIALNOŚCIĄ,7561993172,address,(empty),"LUDOWA 2, 47-100 STRZELCE OPOLSKIE",vat_data.workingAddress,planned_dry
20260521-161439,step1,ed4e12e5-e432-48f2-ba74-af930171a884,KOZAK OLEK SPÓŁKA Z OGRANICZONĄ ODPOWIEDZIALNOŚCIĄ,7561993172,city,(empty),STRZELCE OPOLSKIE,vat_data.workingAddress,planned_dry
20260521-161439,step1,5234cb80-ae2f-4d40-92d1-6ed29ef9298e,Odessa Market Poznan,9151515729,address,(empty),"TĘCZOWA 82D/6, 53-603 WROCŁAW",vat_data.residenceAddress,planned_dry
20260521-161439,step1,5234cb80-ae2f-4d40-92d1-6ed29ef9298e,Odessa Market Poznan,9151515729,city,(empty),WROCŁAW,vat_data.residenceAddress,planned_dry
20260521-161439,step1,591dc14f-580e-44f5-8ad2-e9a7fb575387,MOVENA SPÓŁKA Z OGRANICZONĄ ODPOWIEDZIALNOŚCIĄ,7972052844,address,(empty),"BOKSERSKA 1, 02-682 WARSZAWA",vat_data.workingAddress,planned_dry
20260521-161439,step1,591dc14f-580e-44f5-8ad2-e9a7fb575387,MOVENA SPÓŁKA Z OGRANICZONĄ ODPOWIEDZIALNOŚCIĄ,7972052844,city,(empty),WARSZAWA,vat_data.workingAddress,planned_dry
20260521-161439,step2,9c5a4637-4e83-43d9-ad9b-15f789fb033a,(see ce.id=8d3b4923),-,contact_enrichment.website,(empty),https://www.bisnode.pl/firma/?id=18146421&nazwa=VERDA_GROUP_SP_Z_O_O,apify_gmaps.best,planned_dry
